relative_path,bytes,sha256
CHANGES.txt,3012,5e386b43309a1dfa347d2a70db3e7412feacda3d6a695e582346e443493c3e8b
LICENSE.txt,1965,2a4333c90d5f3a92980a894c74cc23f0ecc418f01706eab4ce6c6f4dc6c8e898
METHODS.txt,9938,fd4d0d24d694751d6711aed29044cc6c1227f412f0793220244cb77e2dc22f91
RUN-DCC005.txt,42216,0f87c585bc6a81210709d88f01073e9d510273d0cf0c2b1e05644c0da4d1af1e
START-DCC005-FIX1.cmd,2014,c488fe02e8f3fb449301905bcfc99619d91b9e947aa10834ff9ff5d6f6fa076c
START-HERE.txt,7007,56c5ad86ca0c6fdcaff9d6715fadc692f36b2b86485e4f227ab44f299058d20a
evidence/PREDELIVERY-TESTS.txt,3876,4dfa420dc4eeeb2aae842562f8e5391d8b477823d7c9e6d738d8b59c1c8ef341
evidence/compiler-environment.txt,514,3a40bfcd4d2564ffe05dc97ab2f430dc5ed1410895b69753da994d0d47ad9816
evidence/diff-source_dcc004.h.txt,335,ffd499557afd8bf1cc821c51e48986c69af3c42e1b1a374507d024837eae476f
evidence/diff-source_dcc004_engine_impl.h.txt,568,bf3ef590cc6fb66e3c6f028bdf77e9cfbf72304bb861476f393f4d1ecdda39d9
evidence/diff-tests_dcc004_run.c.txt,12046,55b887f48fd81ff745ccecd86e94ba568b8c60025d0fcb040f1297dd0bca889a
evidence/fix1/FAILURE-REVIEW.txt,7048,e41567d5bd8ad5a320e65f6e3ed10bdbe08442b9dffd0b6c90dc8bdd536424d3
evidence/fix1/PREDELIVERY-REPAIR-CHECKS.txt,2139,74b940ad501dac42111d9079dfdad70d5885373d10d4b04696b7c1930e50530f
evidence/fix1/check_orchestration_fix1.py,6193,89ba8758515b0f1d48dbd4411b8f346d508191ba01f2048c6e02212e805316a9
evidence/fix1/failure-inspection.json,1209,142f6039831dce7d213390fce3ab4aa1055ecf80db7f5d1df06ff0b41d1c9c36
evidence/fix1/member-range-checks.csv,72322,f1092ca7df71f4eff5a1421540fbb94ea21ea228bcc28f1fe62e94a5ad1b84d6
evidence/fix1/orchestration-static-and-model-checks.json,2172,1ce62b52469f6ebd1180ff3461574a1e4f093c5cb21bda34568d34718865c5cb
evidence/fix1/original-failure-details.txt,379,d49be96ee392b51ba88ed5451f0b6b65132fa6417a5dd66b8f42ba862d4af04c
evidence/fix1/original-session-status.json,316,05a046c8203682143e41afc9ded1358269078bd7148f36b3fcacd0532fc3cb3b
evidence/fix1/repair-verification.json,1052,850c47d4ef6287891a41c49c3eefb9190ac826c891440c743078b16184d8c856
evidence/fix1/runner-diff.patch,11949,ab9168934354a99094e4082009614b2795b126ef42b3b14daabe5b8822229124
evidence/fix1/scientific-files-unchanged.csv,4511,fb432f6db2abb8a6454e54489e9b5c5688d3aac5008c9b7b4cf25a213d902a8f
evidence/fix1/uploaded-archive-manifest.csv,6819,62c0df8d38bc5591b54108c7a8a20120dbe9bc2c2c80e8d1e74c0e9a08c404de
evidence/fix1/verify_repair.py,5039,47d19da6454ee637ee7ad5b5d1843c1ca2f09ed41baaa71e84636a9830a60686
evidence/full-matrix-validation.json,274,1ea5f3c59392996130f600fe27c4ddbb677b4535f2c7f9786e4fe11d60cf21b3
evidence/orchestration-static-and-model-checks.json,2172,4b2ac54112da928eef98632367cdc490b122b38bb21c067c2365c65a3bcca74d
evidence/raw-linux-validation.zip,7730264,31512c78a966b9d665bba590a4c29bd93caba9db88905ea87757fe188163379d
evidence/release-build.json,11391,d36519cf4d751545451374b55c51f8220741df04e5b2f321fe6c1264791059e5
evidence/review-tools/build_linux.py,1695,f1c1a12a6985e05fd18f54e19df8fbf8d4482114363a051b63d3d25b648a6c98
evidence/review-tools/check_orchestration.py,6166,e742ea6a3ea02729f6eac69b96721edea34bb6534f9ff2a98537e08f31adb885
evidence/review-tools/preflight.py,1695,82c86e33bdff6cb0692ef02d77174dffef3ee5ac114fa2aaa178fa0a798b75dc
evidence/review-tools/sanitizer_checks.py,3213,614656111670e6af637b79163759eed2d238b166cff788cd0328b7f7722a5f6d
evidence/review-tools/timing_pilot.py,4706,bfdef9ba84b20574915fe622d6d5a022971e843fed82e41d36138de542e2aef0
evidence/review-tools/validate_results.py,4341,298329ad1606e07373f5a10c7ffad1cd6e036945aca4621cd15e3c2de59fc08c
evidence/sanitize-build.json,13302,54f946c9cb2c1ea4061d1ce9ae71d7dbc3eca9549e674d6b86f835344aa9af23
evidence/sanitizer-summary.json,184,459c7a1a92144e95cb8d62a0bbf67eaa6c7d3763d95a769898ae27048f1b903a
evidence/timing-pilot-validation.json,649,e786a3c09041efc95077542493b7ea497663a9bc9300d84b8d4a71a4f3770dd2
evidence/validation-summary.json,1592,4eae634066c735a3f7daac04859dde8786677011a309b2e32385126dcb2674bb
fixtures/00-empty.bin,0,e3b0c44298fc1c149afbf4c8996fb92427ae41e4649b934ca495991b7852b855
fixtures/01-zero.bin,1,6e340b9cffb37a989ca544e6bb780a2c78901d3fb33738768511a30617afa01d
fixtures/02-ff.bin,1,a8100ae6aa1940d0b663bb31cd466142ebbdbd5187131b92d93818987832eb89
fixtures/03-repeated.bin,8192,f8ca02c69621dd84cd1212ebfd7d6cdc9ba6ad658854f29567723531912d1a35
fixtures/04-alphabet.bin,256,40aff2e9d2d8922e47afd4648e6967497158785fbd1da870e7110266bf944880
fixtures/05-cycle.bin,8192,dc404a613fedaeb54034514bc6505f56b933caa5250299ba7d094377a51caa46
fixtures/06-random.bin,8192,fec7b76db5e42fbce97a96154a1679607d4fc31f6dc0fe40c0df6232d032bf49
fixtures/07-sparse.bin,8192,2b7b7ab0574ef9cc89355e630045a0a1abe461460ce535b6b8ceda7efa9d0ffe
fixtures/08-changing.bin,16384,3386930a84a13af7112ae6bc9411abdc047270c416dde1916d86bb899f832c7b
fixtures/09-ties.bin,4096,1e463d79b914f7f0e73fc43364ec143ab6a337733b90a707c58ca99dfa275b96
paper-support/FINALIZATION-CHECKLIST.txt,1799,edc44ead84229873f5817319ed252f67920d2cd7ab286677fad2fac82235106e
paper-support/PAPER-FORMAT.txt,1061,e0ac5e0295830e418532237bab5f752bd8ec88b130f88a1061eb29c646f5e022
protocol/DCC003-METHODS.txt,10018,e9179c6770abba28275f21986fee5042704a413ef0e838e9cbdaeeae4d973587
protocol/audited-corpus-manifest.csv,7650,084d21a7e5136f8f70cebbe1752cd68476fb7d0bbd2afb6feb09b66566e15a1d
protocol/block-manifest.csv,168397,859963b6858b9ade8a3e195373d92e661791af690a4ca99838767b50a060d7fa
protocol/brotli-provenance.json,3737,59ca3be9dc84224bb1b3dddda6a1ca96b9146de599aa2c8a2638faeb34a3c2a4
protocol/dcc004-selected.csv,587555,61d42c946e910d9853139a45dc41b6e9bbf4468abce193933f13007bf91f9e4e
protocol/dcc005-source-provenance.json,6299,be53c0e3c98126d6c747a92cdfb05ffabadade4eddc92282bf3aba55382c8734
protocol/experiment.json,5101,4ef7b9220e0c6f3b92307bfe013330586ad20ff8dad10fe7d906839107603988
protocol/fixture-manifest.json,1370,b0ef58ecc579277f08cc35a613124afa0f90bce05cdf2aa51288809d3f1b47ca
protocol/members.csv,190110,096d55299aad35819bca9790a7646dc8012c058209369965429ac4b6fab845e2
protocol/native-oracle-vectors.csv,27403,0fd6495fe9da915925fa169481dc05d4a5f9a361a4a3c8de6d81e4ee175723de
protocol/workloads.json,17168,5119551fb96193f4dd2cbde4332af0f74ff6ea3d13e31a73a2516f717ce44b38
publication/.gitattributes.example,226,d0dd3f928a706619f9a150b1629736e5b053fc357f4bce0990bddaedf50f4aa9
publication/.gitignore.example,617,807b8386ac86f3ceb2307a09ad649e58f7d3aac35f62445bf5f45e6fe433c2f7
publication/CITATION.cff.example,446,c9ed182d9bf4813ae2ead033efe1aabb183b5153c9825acf3f3ee5a4f788c65a
publication/GITHUB-PUBLICATION.txt,10151,177d377e1a0e2eabfdfc74f5364cbb9f85e84c65aab11216bc1de5f5cebc5feb
source/brotli_support.h,9137,0f8ac119b91b7ab3b00f27bf3fe93de5bbf120befa8998b1c30ec6d73a091e41
source/cluster_policy.c,3186,4c16dd128f058c4d5754dc5a03fd42d557b3c97ae5f391294e59b07b6dc02ca2
source/dcc003.h,2022,8a25f490e2f7001a781b4fbc9d464acac78f3414b91a9ca829f432ccce685543
source/dcc003_codec.c,4404,a4287f2dfe917f985586db77e9f1fdbe0570d18c780c0fcef7bad00a757e0d3a
source/dcc004.h,1084,5d58760e4ba874e794197d5631f43922e91f5f357ff2467f43ddf8bfa75389bc
source/dcc004_engine_impl.h,7163,372813f70c4abac19617a6edd27e26201bfaefb9d9e8af5cb7c68231df342a78
source/dcc004_memory.c,2098,0db7ac1b957419ec7ea72cee6c090657265b05a3fec3ec1883fe2b44108c74d5
source/dcc004_memory.h,329,f6e4f6d42a462e59ab6fdcbce2d2dfdf67749c3bfdee892bf7c12793dabfbec7
source/dcc004_memory_redirect.h,505,17d27886e6403f72bee327e65b77096b53c00cfc910a34f53e235055ab2ac26e
source/mtcodec_dcc002.c,88724,d255620ecedecad23e8beb98bb7fe68d5aaa97a08fc21b33da046d4c1b949aa8
source/mtcodec_original.c,86864,3b8a801d0650853e89458c64e08557281845c7ec8a9eb9829cc9e4a44870a14c
tests/dcc003_check.c,12745,0fee2b7d7a188f9066466e78bd2a878be975d02a77b5df5acbdd652eaa5ddade
tests/dcc004_run.c,19501,33f6b5f0dfa16d4adb1bc9b1164270def0ef62c5694071bebe6aaf0f978b2be5
tests/dcc005_run.c,11993,248f8c6733b1397fba2e0bcb6d1e1d4323a1c89a9f4752172ce07280913b9258
tests/dcc_bridge.h,1054,70d7c53ebce52322096a3c566be3d43ed9644906a430319709ffcded957c011e
tests/dcc_bridge_impl.h,3991,0c143829b379569494185197bba83fc81a5d11cd78902f04baf645203fd3d000
tests/dcc_original_bridge.c,157,974264c5c37f9b9ca5b7db1fb91d1e3fcd6d08b4c36d0339425ba5dd73c57f43
tests/oracle_pools.h,1668,2b600e87583d9e34304ae54872269b4d5f8f72bad8e9ed9c70f89b7f52f8c9f3
tests/runner-checks.ps1.inc,14140,64494cb80fddd37e2b0d1436ef0ae3529cc37f63827ab405a6ced82fa72e6024
vendor/brotli-v1.1.0/LICENSE,1082,ee828c7c12f822dba3b16596d609920fe7c449d179e645bcf1e75cf0927f14bf
vendor/brotli-v1.1.0/bit_cost_inc.h,4105,ae2e670d664dc13a75a3a7dad28e6cf372918de57d6e3f3f269480d0522adb1d
vendor/brotli-v1.1.0/cluster_inc.h,11809,d6af6744dcdb7110e214289edb5c7418a29b4393a5b92cd0f94cc73e9cf6e2d5
vendor/brotli-v1.1.0/histogram_inc.h,1399,9399d7252566bce150ebe38e3c4fcc79e2d1b7e79e3fa09748c9ae60972751a8
