corpus,file,relative_path,bytes,sha256,md5,reference_md5,reference_status
calgary18,bib,data/calgary18/bib,111261,0f1a13936e358191533aca4a32ff42906d1b7f641f3afb0a90458b2410419fcf,d45d5d7b6f908c18a8a76cca9744a970,,not_independently_hash_verified
calgary18,book1,data/calgary18/book1,768771,9ffa47cd93bccd732f20e0c304203cfbc1b8a91bedac536e2d8f6051003d9951,0a0fdbaf0589c9713bde9120cbb20199,,not_independently_hash_verified
calgary18,book2,data/calgary18/book2,610856,c8538730cf2ce6a243acf3eb299c43d619b5c695d892f4884df796c13081fdf8,c529dcfed445b656db844b3b8133d0dd,,not_independently_hash_verified
calgary18,geo,data/calgary18/geo,102400,913ff6f45610599020c02f543a0d5a1f46cf772412e25a568b683d23db8c447d,23642c127bdf1c964fbfd5330fad35c0,,not_independently_hash_verified
calgary18,news,data/calgary18/news,377109,7f0482f9774681429eb7021050c17966f6acf19450e170de6611e1ed953d42e8,43a8e87a4af8e29a07dd67f21bc0598c,,not_independently_hash_verified
calgary18,obj1,data/calgary18/obj1,21504,8c06109caffd7e794516e4ed10095b0238ea8df63ed66840907cd4dd23e2cf72,54772267d11d18d972f4b85386e7414c,,not_independently_hash_verified
calgary18,obj2,data/calgary18/obj2,246814,8b3e7f028bfefaebdd48a791060a1ab11d1ffd9bf27e0d63b15e58dda0deb984,58a94ec5245a7039ad9c1dafce6d4e12,,not_independently_hash_verified
calgary18,paper1,data/calgary18/paper1,53161,8d9c42d9fa58b5bce1a8b5fae3cc27c9eb7cc7a032bc12a633d44e816497e143,2687bd7a2b6da940452d07a57778430c,,not_independently_hash_verified
calgary18,paper2,data/calgary18/paper2,82199,dc4b9cf68094c632a920f4e76d0a0a8b9617b624c36928ca46a5d29798c5bbbe,1d46f1ed5c91c7aff89aacb27a9d4c45,,not_independently_hash_verified
calgary18,paper3,data/calgary18/paper3,46526,c3e1ba94849992147cf68531311cf6512c9032b88f548d3e2d62cb659aef19d8,6da289bac0a9b89b1f9c6ce7ff092049,,not_independently_hash_verified
calgary18,paper4,data/calgary18/paper4,13286,aeecc3ff5b2e497e35fbd2d2190627fff4818dabf7aee9734ac090c21b04739b,daed0ca8a863978f5f3321eccb58676c,,not_independently_hash_verified
calgary18,paper5,data/calgary18/paper5,11954,7a4b1ee6aa419ca362a9bbae383287fe8fee4324c9d6aefa7e94b6d845452ee8,fc6dc510d8efb378f33426927c3bb79e,,not_independently_hash_verified
calgary18,paper6,data/calgary18/paper6,38105,8f38dd101a4e0c0e4acefec93d5da8198db593557e9e0019140e2dff24b1b080,6496a0bafa5f9a7f305b09732fd478ce,,not_independently_hash_verified
calgary18,pic,data/calgary18/pic,513216,0ec3a75089bb52342813496b17e51377bc9eba3cb519a444d67025354841d650,29eca86237730fce52232612036284b9,,not_independently_hash_verified
calgary18,progc,data/calgary18/progc,39611,151377a9d6aa9b7e872000269707a15e2b038c826340628e6f4d8b4db9ec3c19,237810d59b006d7dc03ba4afa47342d9,,not_independently_hash_verified
calgary18,progl,data/calgary18/progl,71646,9388db0cfb71ffbe5687d381819a5ff69cdd992d6931e0cf81a310a1caed0ba0,b9dc47bbc625276dd1c403fbc8efa171,,not_independently_hash_verified
calgary18,progp,data/calgary18/progp,49379,d0cd70ab5f7381a8584b25fa73b3608571a17ee1042cc5c546f63b904614d1bc,3aa2be79cd1a96e68476829e0f6f6813,,not_independently_hash_verified
calgary18,trans,data/calgary18/trans,93695,117a00c6af3e1c57f20013a8f1b468158f70634f685a348bedb7e4069cdd576a,a95453458cb440a7320ebc6215af0fd0,,not_independently_hash_verified
canterbury11,alice29.txt,data/canterbury11/alice29.txt,152089,7467306ee0feed4971260f3c87421154a05be571d944e9cb021a5713700c38f0,74c3b556c76ea0cfae111cdb64d08255,,not_independently_hash_verified
canterbury11,asyoulik.txt,data/canterbury11/asyoulik.txt,125179,eaa3526fe53859f34ecdf255712f9ecf0b2c903451d4755b2edaa2e2599cb0fc,2183e4e23c67c1dcc6cb84e13d8863bf,,not_independently_hash_verified
canterbury11,cp.html,data/canterbury11/cp.html,24603,e0cd21cef5b6c4069461e949be100080c3ce887de6f1dd8626c480528efaaf61,d4b4e81b46ae7a3cbc2b733bbd6d8cc8,,not_independently_hash_verified
canterbury11,fields.c,data/canterbury11/fields.c,11150,85d73e354cc50cec76cb5a50537cf8dc035f8cbb8480f9e1cbe2f7d6c23393c7,82640457a3569c49615974b5053a73df,,not_independently_hash_verified
canterbury11,grammar.lsp,data/canterbury11/grammar.lsp,3721,1b0805dfc0ae706b35aac2bb4e15f02485efd24dda5dbd29de7b2f84d1a88c15,ad6ff075a8058262564493050f67f702,,not_independently_hash_verified
canterbury11,kennedy.xls,data/canterbury11/kennedy.xls,1029744,9af47239ca29dfe20e633f80bbbb9a4cc9783d0803d7b2b5626f42e4c3790420,b408d2207b18aba5a378548698735d64,,not_independently_hash_verified
canterbury11,lcet10.txt,data/canterbury11/lcet10.txt,426754,5314ba1dbb03f471df88bec6cd120a938ef60d0fd3511c5c1dce61bf7463245f,5d69b132c7929dec190daa69f081d472,,not_independently_hash_verified
canterbury11,plrabn12.txt,data/canterbury11/plrabn12.txt,481861,07e2e0b461af78c7c647cb53dab39de560198e16f799b4516eccf0fbd69f764c,4655507b26054b80b98bac2b44d8200f,,not_independently_hash_verified
canterbury11,ptt5,data/canterbury11/ptt5,513216,0ec3a75089bb52342813496b17e51377bc9eba3cb519a444d67025354841d650,29eca86237730fce52232612036284b9,,not_independently_hash_verified
canterbury11,sum,data/canterbury11/sum,38240,ee5733cd76ecc2f9d8ff156adc3c02a7a851051dcf43a2d56ff4ee4ff606bdb3,0d347e6c137c15616ee2becc0123e0a3,,not_independently_hash_verified
canterbury11,xargs.1,data/canterbury11/xargs.1,4227,c58aeb5d2d1e12751d47e7412b45784405fc30a5671b03d480fa05776e183619,7bcc27abddbcc8dc56d9b1950ce93a69,,not_independently_hash_verified
silesia,dickens,data/silesia/dickens,10192446,b24c37886142e11d0ee687db6ab06f936207aa7f2ea1fd1d9a36763c7a507e6a,88334708559f6db57d79096bc0aca07e,88334708559f6db57d79096bc0aca07e,published_MD5_matches
silesia,mozilla,data/silesia/mozilla,51220480,657fc3764b0c75ac9de9623125705831ebbfbe08fed248df73bc2dc66e2a963b,c7789a2097f1ff944b0c737430a339b3,c7789a2097f1ff944b0c737430a339b3,published_MD5_matches
silesia,mr,data/silesia/mr,9970564,68637ed52e3e4860174ed2dc0840ac77d5f1a60abbcb13770d5754e3774d53e6,38e623e3093b7bf2003ca4b1bbc19927,38e623e3093b7bf2003ca4b1bbc19927,published_MD5_matches
silesia,nci,data/silesia/nci,33553445,fc63a31770947b8c2062d3b19ca94c00485a232bb91b502021948fee983e1635,31f85bc8706f3c921104e7c169e2e2e1,31f85bc8706f3c921104e7c169e2e2e1,published_MD5_matches
silesia,ooffice,data/silesia/ooffice,6152192,e7ee013880d34dd5208283d0d3d91b07f442e067454276095ded14f322a656eb,573c4ae915e36631d8f2dcffb9b9b66d,573c4ae915e36631d8f2dcffb9b9b66d,published_MD5_matches
silesia,osdb,data/silesia/osdb,10085684,60f027179302ca3ad87c58ac90b6be72ec23588aaa7a3b7fe8ecc0f11def3fa3,e734b0c48e6a982adfb5802da3032ecd,e734b0c48e6a982adfb5802da3032ecd,published_MD5_matches
silesia,reymont,data/silesia/reymont,6627202,0eac0114a3dfe6e2ee1f345a0f79d653cb26c3bc9f0ed79238af4933422b7578,d8f54d78105079775f32d76dc55fc671,d8f54d78105079775f32d76dc55fc671,published_MD5_matches
silesia,samba,data/silesia/samba,21606400,93ba07bc44d8267789c1d911992f40b089ffa2140b4a160fac11ccae9a40e7b2,154eaea7ea70e89f6339ff0abf4112ca,154eaea7ea70e89f6339ff0abf4112ca,published_MD5_matches
silesia,sao,data/silesia/sao,7251944,c2d0ea2cc59d4c21b7fe43a71499342a00cbe530a1d5548770e91ecd6214adcc,79e95a22e18cd82b7e42bf91b380d30b,79e95a22e18cd82b7e42bf91b380d30b,published_MD5_matches
silesia,webster,data/silesia/webster,41458703,6a68f69b26daf09f9dd84f7470368553194a0b294fcfa80f1604efb11143a383,474931ad907ac27bf962c75ded46c069,474931ad907ac27bf962c75ded46c069,published_MD5_matches
silesia,x-ray,data/silesia/x-ray,8474240,7de9fce1405dc44ae5e6813ed21cd5751e761bd4265655a005d39b9685d1c9ad,9baec32ad14ec3eff487d254382cb91c,9baec32ad14ec3eff487d254382cb91c,published_MD5_matches
silesia,xml,data/silesia/xml,5345280,0e82e54e695c1938e4193448022543845b33020c8be6bf3bf3ead2224903e08c,9b09c0c80104adb8aae910b7d7db003e,9b09c0c80104adb8aae910b7d7db003e,published_MD5_matches
