pool,rows,requested_k,realized_k,symbols_hex
0,1,1,1,00
0,1,2,1,00
0,1,3,1,00
0,1,4,1,00
0,1,6,1,00
0,1,8,1,00
0,1,12,1,00
0,1,16,1,00
0,1,24,1,00
0,1,32,1,00
0,1,48,1,00
0,1,64,1,00
1,4,1,1,00000000
1,4,2,1,00000000
1,4,3,1,00000000
1,4,4,1,00000000
1,4,6,1,00000000
1,4,8,1,00000000
1,4,12,1,00000000
1,4,16,1,00000000
1,4,24,1,00000000
1,4,32,1,00000000
1,4,48,1,00000000
1,4,64,1,00000000
2,4,1,1,00000000
2,4,2,1,00000000
2,4,3,1,00000000
2,4,4,1,00000000
2,4,6,1,00000000
2,4,8,1,00000000
2,4,12,1,00000000
2,4,16,1,00000000
2,4,24,1,00000000
2,4,32,1,00000000
2,4,48,1,00000000
2,4,64,1,00000000
3,8,1,1,0000000000000000
3,8,2,1,0000000000000000
3,8,3,2,0000000000000001
3,8,4,4,0000000000010203
3,8,6,6,0000000102030405
3,8,8,8,0001020304050607
3,8,12,8,0001020304050607
3,8,16,8,0001020304050607
3,8,24,8,0001020304050607
3,8,32,8,0001020304050607
3,8,48,8,0001020304050607
3,8,64,8,0001020304050607
4,16,1,1,00000000000000000000000000000000
4,16,2,2,00010001000100010001000100010001
4,16,3,2,00010001000100010001000100010001
4,16,4,2,00010001000100010001000100010001
4,16,6,2,00010001000100010001000100010001
4,16,8,2,00010001000100010001000100010001
4,16,12,2,00010001000100010001000100010001
4,16,16,2,00010001000100010001000100010001
4,16,24,2,00010001000100010001000100010001
4,16,32,2,00010001000100010001000100010001
4,16,48,2,00010001000100010001000100010001
4,16,64,2,00010001000100010001000100010001
5,64,1,1,00000000000000000000000000000000000000000000000000000000000000000000000000000000000000000000000000000000000000000000000000000000
5,64,2,2,00000001000000010000000100000001000000010000000100000001000000010000000100000001000000010000000100000001000000010000000100000001
5,64,3,3,00000102000001020000010200000102000001020000010200000102000001020000010200000102000001020000010200000102000001020000010200000102
5,64,4,4,00010203000102030001020300010203000102030001020300010203000102030001020300010203000102030001020300010203000102030001020300010203
5,64,6,4,00010203000102030001020300010203000102030001020300010203000102030001020300010203000102030001020300010203000102030001020300010203
5,64,8,4,00010203000102030001020300010203000102030001020300010203000102030001020300010203000102030001020300010203000102030001020300010203
5,64,12,4,00010203000102030001020300010203000102030001020300010203000102030001020300010203000102030001020300010203000102030001020300010203
5,64,16,4,00010203000102030001020300010203000102030001020300010203000102030001020300010203000102030001020300010203000102030001020300010203
5,64,24,4,00010203000102030001020300010203000102030001020300010203000102030001020300010203000102030001020300010203000102030001020300010203
5,64,32,4,00010203000102030001020300010203000102030001020300010203000102030001020300010203000102030001020300010203000102030001020300010203
5,64,48,4,00010203000102030001020300010203000102030001020300010203000102030001020300010203000102030001020300010203000102030001020300010203
5,64,64,4,00010203000102030001020300010203000102030001020300010203000102030001020300010203000102030001020300010203000102030001020300010203
6,65,1,1,0000000000000000000000000000000000000000000000000000000000000000000000000000000000000000000000000000000000000000000000000000000000
6,65,2,2,0000000000010100000000000000000000000101010000000000000000000001010100000000000000000000010101000000000000000000000001000000000000
6,65,3,3,0000000000010102000000000000000000000101020000000000000000000001010202000000000000000000000102020000000000000000000001020200000000
6,65,4,4,0000000000010102030000000000000000000001020300000000000000000000010203000000000000000000000102030300000000000000000001020303000000
6,65,6,6,0000000000010102030405000000000000000001020304050000000000000000010203040500000000000000000102030405000000000000000001020304050000
6,65,8,8,0000000000000102030405060700000000000001020304050607000000000000010203040506070000000000000102030405060700000000000001020304050607
6,65,12,12,00010203030405060708090a0b00010203030405060708090a0b00010203030405060708090a0b00010203030405060708090a0b00010203030405060708090a0b
6,65,16,13,000102030405060708090a0b0c000102030405060708090a0b0c000102030405060708090a0b0c000102030405060708090a0b0c000102030405060708090a0b0c
6,65,24,13,000102030405060708090a0b0c000102030405060708090a0b0c000102030405060708090a0b0c000102030405060708090a0b0c000102030405060708090a0b0c
6,65,32,13,000102030405060708090a0b0c000102030405060708090a0b0c000102030405060708090a0b0c000102030405060708090a0b0c000102030405060708090a0b0c
6,65,48,13,000102030405060708090a0b0c000102030405060708090a0b0c000102030405060708090a0b0c000102030405060708090a0b0c000102030405060708090a0b0c
6,65,64,13,000102030405060708090a0b0c000102030405060708090a0b0c000102030405060708090a0b0c000102030405060708090a0b0c000102030405060708090a0b0c
7,128,1,1,0000000000000000000000000000000000000000000000000000000000000000000000000000000000000000000000000000000000000000000000000000000000000000000000000000000000000000000000000000000000000000000000000000000000000000000000000000000000000000000000000000000000000000
7,128,2,2,0001000000000000000000000000000000000000000000000000000000000000000000000000000000000000000000000000000000000000000000010000000001010101010101010101010101010101010101010100000101010001010101010101010101010101010101010101010101010101010101010101010101010001
7,128,3,3,0001000000000001000000000101000101000100010101000000010001000100000100000000010001000100000100010101000100000101000100010000010000020102010102020201010201020202020102010201010201020101020101010202020101010101010101020202020201020202020101010102010102020101
7,128,4,2,0000000000000000000000000001000000000000000000000000000000000000000000000000000000000000000000000000000000000000000100010000010000000000000000000000010000000000000000000000000000000000000000000000000000000000000000000000000000000000000000000000000000000100
7,128,6,4,0000010001000000000100000002000001000000000101000000010000000100000200010000010000010000000100010100010100000003000201020001020000000000000101000000020100000001010301000100010000000101000001000100000102000101000000000001000001000000010000000003000000000101
7,128,8,6,0000010001000000000100020002030001000000000101000000010000000100000300010000010000010000000100010100010100000004000201020001020000000300000101000000050100000001010401000100010000000101000001050100000103000101000000000001000001000000010200000004000000000101
7,128,12,9,0000010200000303020000000405010300030300040103000303000203020603010705040303030000030003020607030307000100050303030503010503040003010800030301030107070303010700030000010102040101010604020406070301020108010406040704030003010306010301000105040203000202030601
7,128,16,13,0000010200030405050006070809010306020500080103000405000303050a05070307050402040000060202050a0204040b0507020505040409040109060806020203000404060205060b0604010b00040000030105080101010a080c050a0b04030c0104010307070b08040003010506030403070502080304000c05040a01
7,128,24,21,00010202000000030405060708090a0b0c0d0c050e010d020f0c00000d0c0204010b00040f010f0d05060308041001000f020c0011010c0f0c0908020c060e00000c010101000002040c12000c0102050105020b00000d0101001002010c000c020b13010a070b0002120c000c01001400010f000d0211010c00140c040f100c
7,128,32,29,000102030405060708090a0b0c0d0e0f100c0c0011051213060c0c14150c030c0514030c06130c10040a1617080c0c0c0e03050f18010c06070d0902160a110f01160e0c070f00130c0c190713010313010413141a12151300160c03010c07190c141b020e1a0c07150c1605160100080a0c1a14070318071407101607061c00
7,128,48,45,000102030405060708090a0b0c0d0e0f100f0111121300140c05061516171819131a080c0f18011b040a1c1d190c1e181e1f081820210f22170d1d231c2425100808092417261127280129180506032724040f182a00170f110f0201170c06051f0f2b230e2a0128180715141221182410170f0f0603080715070f0128222c05
7,128,64,63,00010203040506070804090a0b0c0d0e0f03100c1112001314150f0916171815191a0c1b1c1d1e1f20092122230b121b2425081726271528290c152a2b022c0901082d090c2e2f303106320d120f15043320340935002b0e2f34023629010f373805392a3a2b10031b183b3811271d33092934150f3c1e15123d3410121e3e18
8,256,1,1,00000000000000000000000000000000000000000000000000000000000000000000000000000000000000000000000000000000000000000000000000000000000000000000000000000000000000000000000000000000000000000000000000000000000000000000000000000000000000000000000000000000000000000000000000000000000000000000000000000000000000000000000000000000000000000000000000000000000000000000000000000000000000000000000000000000000000000000000000000000000000000000000000000000000000000000000000000000000000000000000000000000000000000000000000000000
8,256,2,2,00000000000000000000000000000000000000000000000000000000000000000000000000000000000000000000000000000000000000000000000000000000010101010101010101010101010101010101010101010101010101010101010101010101010101010101010101010101010101010101010101010101010101010101010101010101010101010101010101010101010101010101010101010101010101010101010101010101010101010101010101010101010101010101010101010101010101010101010101010101010101010101010101010101010101010101010101010101010101010101010101010101010101010101010101010100
8,256,3,3,00000000000000000000000000000000000000000000000000000000000000000000000000000000000000000000000000000000000000000000000000000101020202020202020202020202020202020202020202020202020202020202020202020202020202020202020202020202020202020202020202020202020201010101010101010101010101010101010101010101010101010101010101010101010101010101010101010101010101010101010101010101010101010101010101010101010101010101010101010101010101010101010101010101010101010101010101010101010101010101010101010101010101010101010101010101
8,256,4,4,00000000000000000000000000000000000000000000000000000000000000000000000000000000000000000000000000000000000000000000000000010101020202020202020202020202020202020202020202020202020202020202020202020202020202020202020202020202020202020202020202020202020101010101010101010101010101010101010101010101010101010101010101010101010101010101010101010101010101010101010101010101010101010101010103030303030303030303030303030303030303030303030303030303030303030303030303030303030303030303030303030303030303030303030303010101
8,256,6,1,00000000000000000000000000000000000000000000000000000000000000000000000000000000000000000000000000000000000000000000000000000000000000000000000000000000000000000000000000000000000000000000000000000000000000000000000000000000000000000000000000000000000000000000000000000000000000000000000000000000000000000000000000000000000000000000000000000000000000000000000000000000000000000000000000000000000000000000000000000000000000000000000000000000000000000000000000000000000000000000000000000000000000000000000000000000
8,256,8,3,00000000000000000000000000000000000000000000000000000000000000000000000000000000000000000000000000000000000000000000000000000000000000000000000000000000000000000000000000000000000000000000000000000000000000000000000000000000000000000000000000000000000000000000000000000000000000000000000000000000000000000000000000000000000000000000000000000000000000000000000000000000000000000000000000000000000000000000000000000000000000000000000000000000000000000000000000000000000000000000000000000000000000000000000001010200
8,256,12,7,00000000000000000000000000000000000000000000000000000000000000000000000000000000000000000000000000000000000000000000000000000000000000000000000000000000000000000000000000000000000000000000000000000000000000000000000000000000000000000000000000000000000000000000000000000000000000000000000000000000000000000000000000000000000000000000000000000000000000000000000000000000000000000000000000000000000000000000000000000000000000000000000000000000000000000000000000000000000000000000000000000000000000000101020304050600
8,256,16,11,00000000000000000000000000000000000000000000000000000000000000000000000000000000000000000000000000000000000000000000000000000000000000000000000000000000000000000000000000000000000000000000000000000000000000000000000000000000000000000000000000000000000000000000000000000000000000000000000000000000000000000000000000000000000000000000000000000000000000000000000000000000000000000000000000000000000000000000000000000000000000000000000000000000000000000000000000000000000000000000000000000000010102030405060708090a00
8,256,24,19,0000000000000000000000000000000000000000000000000000000000000000000000000000000000000000000000000000000000000000000000000000000000000000000000000000000000000000000000000000000000000000000000000000000000000000000000000000000000000000000000000000000000000000000000000000000000000000000000000000000000000000000000000000000000000000000000000000000000000000000000000000000000000000000000000000000000000000000000000000000000000000000000000000000000000000000000000000000000000102030405060708090a0b0c0d0e0f10111212121212
8,256,32,27,000000000000000000000000000000000000000000000000000000000000000000000000000000000000000000000000000000000000000000000000000000000000000000000000000000000000000000000000000000000000000000000000000000000000000000000000000000000000000000000000000000000000000000000000000000000000000000000000000000000000000000000000000000000000000000000000000000000000000000000000000000000000000000000000000000000000000000000000000000000000000000000000000000000000000000000000010102030405060708090a0b0c0d0e0f101112131415161718191a00
8,256,48,43,0000000000000000000000000000000000000000000000000000000000000000000000000000000000000000000000000000000000000000000000000000000000000000000000000000000000000000000000000000000000000000000000000000000000000000000000000000000000000000000000000000000000000000000000000000000000000000000000000000000000000000000000000000000000000000000000000000000000000000000000000000000000000000000000000000000000000000000000000000000000000000010102030405060708090a0b0c0d0e0f101112131415161718191a1b1c1d1e1f202122232425262728292a00
8,256,64,63,000000000000000000000000000000000000000000000000000000000000000000000000000000000000000000000000000000000000000000000000000000000000000000000000000000000000000000000000000000000000000000000000000000000000000000000000000000000000000000000000000000000000000000000000000000000000000000000000000000000000000000000000000000000000000000000000000000000000000000000000000000000000000000000000010102030405060708090a0b0c0d0e0f101112131415161718191a1b1c1d1e1f202122232425262728292a2b2c2d2e2f303132333435363738393a3b3c3d3e00
9,256,1,1,00000000000000000000000000000000000000000000000000000000000000000000000000000000000000000000000000000000000000000000000000000000000000000000000000000000000000000000000000000000000000000000000000000000000000000000000000000000000000000000000000000000000000000000000000000000000000000000000000000000000000000000000000000000000000000000000000000000000000000000000000000000000000000000000000000000000000000000000000000000000000000000000000000000000000000000000000000000000000000000000000000000000000000000000000000000
9,256,2,2,00000000000101000000000001010000000000010100000000000101000000000001010000000000010100000000000101000000000001010000000000010100000000000101000000000001010000000000010100000000000101000000000001010000000000010100000000000101000000000001010000000000010100000000000101000000000001010000000000010100000000000101000000000001010000000000010100000000000101000000000001010000000000010100000000000101000000000001010000000000010100000000000101000000000001010000000000010100000000000101000000000001010000000000010100000000
9,256,3,3,00000001010202000000010102020000000101020200000001010202000000010102020000000101020200000001010202000000010102020000000101020200000001010202000000010102020000000101020200000001010202000000010102020000000101020200000001010202000000010102020000000101020200000001010202000000010101020000000101020200000001010202000000010102020000000101020200000001010202000000010102020000000101020200000001010202000000010102020000000101020200000001010102000000010102020000000101020200000001010202000000010102020000000101010200000001
9,256,4,4,00010002020303000100020203030101000202030301010102020203000101020202030101010202030301010002020303000100020203030001000202030301010102020303000101020203030100010202030300000102020303010100020203030001010202030300010002020303010100020203030101010202030301010102020303010101020202030100000202020301010002020303010000020202030001000202030300010002020303000101020203030101010202030301010002020303010100020203030101010202030301000102020203000001020203030001010202020300010102020303000100020203030000010202020301010002
9,256,6,6,00010203030304000102030303040001020503030400010103030304000101030303040001010303030400010205030304000102030303040001020503040400010103030304000101030303040002010303030400020103030304000102030303040001010503030400010203030304000102030303040001010303030400010103030304000101030303040002020303030400010203030304000202030303040001020303030400010203030304000101030303040001010303030400010203030304000102030303040001010303030400020103030304000201030303040001010303030400010103030304000102030303040002010303030400010203
9,256,8,8,00010203030304050102030303040001020603030407010103030304050101030303040701010303030407010206030304070102030303040501020603030407010103030304050101030303040502010303030405020103030304070102030303040501010603030400010203030304070102030303040701010303030405010103030304050101030303040502020303030405010603030304050202030303040501020303030405010203030304050101030303040501010303030400010203030304050102030303040701060303030400020103030304050206030303040701010303030405010103030304050102030303040702010303030400010203
9,256,12,12,00010203040506000107040308060001070904050600010704040806000101090405060001010304080600010709030506000107040308060001020304050600010703030a0600010104030b0600020103040806000201090405060001070304080600010103030a06000102030308060001020304080600010103040a06000107030308060001010904050600020703030b0600010703040b0600020703030b06000107090408060001020304080600010703030b0600010704030a0600010709040b060001070303080600010709040b0600020709040b060002070303050600010103030506000101030308060001070903080600020103040a0600010209
9,256,16,16,0000000102030400000002050604000000010207040000000102070400000001020804000000010206040000000105060400000001050704000000010206040000000105090400000001050a040000000102070400000001020b040000000102060400000001050c04000000010508040000000102030400000001020d0400000001050a040000000102030400000001050d0400000005020b040000000105080400000001020e040000000102080400000001050f040000000105090400000001020e0400000001050704000000010208040000000102080400000001050e04000000010508040000000105070400000001050e0400000001020c0400000001
9,256,24,24,0000000102030400000001020506000000010203040000000102030700000001020508000000010205090000000102050a0000010102030b0000000102030c0000010102030b0000000102030a0000000102030d0000000102050d0000000102050e0000000102030b0000000102050f00000001020310000000010205110000010102050800000001020306000000010203110000000102050e000000010205080000010102030f000000010205120000000102051300000001020514000001010205150000010102031500000001020311000000010203160000000102050c0000000102030800000001020317000000010203040000000102031300000001
9,256,32,31,000101020304050001010203060700010102030408000101020304090001010203060a0001010203060b0001010203060c0001010203040d0001010203040e0001010203040d000101020304080001010203040f0001010203060f000101020306100001010203040d0001010203061100010102030412000101020306130001010203060a00010102030407000101020304130001010203061400010102030605000101020304110001010203061500010102030616000101020306170001010203061800010102030418000101020304190001010203041a0001010203060e0001010203041b0001010203041c0001010203041d0001010203041e00010102
9,256,48,47,00000102030405060001020307080600010203040900000102030a0b060001020c040d060001020c0e0f000001020c0410060001020c0a110600010203071206000102030711060001020c0e1300000102030a1406000102030415060001020c0716060001020c1718060001020c0a19060001020c0e1a06000102031b1c060001020c0a1d06000102030408000001020c1b1e06000102031f200600010203072106000102030e2200000102030e2306000102031f24060001020c17250000010203262706000102030727000001020c072806000102030729060001020c262a060001020c072b06000102030a2c06000102030a2d0600010203172e06000102
9,256,64,64,0000010102030400000101050607000001010805090000010102080a000001010b0c0d000001010e0f1000000101081112000001010e131400000101151617000001181502190000010116021a00000101081b1c0000010105061d00000101081e1f0000010120152100000101022223000001011802240100010118252600000118080e27000001010808280000010108182900000101082a2b00000101020b2c00000101022d2e00000101080b2f000001011b30310000010116323300000101082d34000001010e353600000101080c3700000101080b380000010108393a00000101021e3b0000010115053c00000101083d3e0000010108203f00000101
10,256,1,1,00000000000000000000000000000000000000000000000000000000000000000000000000000000000000000000000000000000000000000000000000000000000000000000000000000000000000000000000000000000000000000000000000000000000000000000000000000000000000000000000000000000000000000000000000000000000000000000000000000000000000000000000000000000000000000000000000000000000000000000000000000000000000000000000000000000000000000000000000000000000000000000000000000000000000000000000000000000000000000000000000000000000000000000000000000000
10,256,2,1,00000000000000000000000000000000000000000000000000000000000000000000000000000000000000000000000000000000000000000000000000000000000000000000000000000000000000000000000000000000000000000000000000000000000000000000000000000000000000000000000000000000000000000000000000000000000000000000000000000000000000000000000000000000000000000000000000000000000000000000000000000000000000000000000000000000000000000000000000000000000000000000000000000000000000000000000000000000000000000000000000000000000000000000000000000000
10,256,3,1,00000000000000000000000000000000000000000000000000000000000000000000000000000000000000000000000000000000000000000000000000000000000000000000000000000000000000000000000000000000000000000000000000000000000000000000000000000000000000000000000000000000000000000000000000000000000000000000000000000000000000000000000000000000000000000000000000000000000000000000000000000000000000000000000000000000000000000000000000000000000000000000000000000000000000000000000000000000000000000000000000000000000000000000000000000000
10,256,4,1,00000000000000000000000000000000000000000000000000000000000000000000000000000000000000000000000000000000000000000000000000000000000000000000000000000000000000000000000000000000000000000000000000000000000000000000000000000000000000000000000000000000000000000000000000000000000000000000000000000000000000000000000000000000000000000000000000000000000000000000000000000000000000000000000000000000000000000000000000000000000000000000000000000000000000000000000000000000000000000000000000000000000000000000000000000000
10,256,6,1,00000000000000000000000000000000000000000000000000000000000000000000000000000000000000000000000000000000000000000000000000000000000000000000000000000000000000000000000000000000000000000000000000000000000000000000000000000000000000000000000000000000000000000000000000000000000000000000000000000000000000000000000000000000000000000000000000000000000000000000000000000000000000000000000000000000000000000000000000000000000000000000000000000000000000000000000000000000000000000000000000000000000000000000000000000000
10,256,8,1,00000000000000000000000000000000000000000000000000000000000000000000000000000000000000000000000000000000000000000000000000000000000000000000000000000000000000000000000000000000000000000000000000000000000000000000000000000000000000000000000000000000000000000000000000000000000000000000000000000000000000000000000000000000000000000000000000000000000000000000000000000000000000000000000000000000000000000000000000000000000000000000000000000000000000000000000000000000000000000000000000000000000000000000000000000000
10,256,12,1,00000000000000000000000000000000000000000000000000000000000000000000000000000000000000000000000000000000000000000000000000000000000000000000000000000000000000000000000000000000000000000000000000000000000000000000000000000000000000000000000000000000000000000000000000000000000000000000000000000000000000000000000000000000000000000000000000000000000000000000000000000000000000000000000000000000000000000000000000000000000000000000000000000000000000000000000000000000000000000000000000000000000000000000000000000000
10,256,16,1,00000000000000000000000000000000000000000000000000000000000000000000000000000000000000000000000000000000000000000000000000000000000000000000000000000000000000000000000000000000000000000000000000000000000000000000000000000000000000000000000000000000000000000000000000000000000000000000000000000000000000000000000000000000000000000000000000000000000000000000000000000000000000000000000000000000000000000000000000000000000000000000000000000000000000000000000000000000000000000000000000000000000000000000000000000000
10,256,24,1,00000000000000000000000000000000000000000000000000000000000000000000000000000000000000000000000000000000000000000000000000000000000000000000000000000000000000000000000000000000000000000000000000000000000000000000000000000000000000000000000000000000000000000000000000000000000000000000000000000000000000000000000000000000000000000000000000000000000000000000000000000000000000000000000000000000000000000000000000000000000000000000000000000000000000000000000000000000000000000000000000000000000000000000000000000000
10,256,32,1,00000000000000000000000000000000000000000000000000000000000000000000000000000000000000000000000000000000000000000000000000000000000000000000000000000000000000000000000000000000000000000000000000000000000000000000000000000000000000000000000000000000000000000000000000000000000000000000000000000000000000000000000000000000000000000000000000000000000000000000000000000000000000000000000000000000000000000000000000000000000000000000000000000000000000000000000000000000000000000000000000000000000000000000000000000000
10,256,48,1,00000000000000000000000000000000000000000000000000000000000000000000000000000000000000000000000000000000000000000000000000000000000000000000000000000000000000000000000000000000000000000000000000000000000000000000000000000000000000000000000000000000000000000000000000000000000000000000000000000000000000000000000000000000000000000000000000000000000000000000000000000000000000000000000000000000000000000000000000000000000000000000000000000000000000000000000000000000000000000000000000000000000000000000000000000000
10,256,64,1,00000000000000000000000000000000000000000000000000000000000000000000000000000000000000000000000000000000000000000000000000000000000000000000000000000000000000000000000000000000000000000000000000000000000000000000000000000000000000000000000000000000000000000000000000000000000000000000000000000000000000000000000000000000000000000000000000000000000000000000000000000000000000000000000000000000000000000000000000000000000000000000000000000000000000000000000000000000000000000000000000000000000000000000000000000000
11,17,1,1,0000000000000000000000000000000000
11,17,2,1,0000000000000000000000000000000000
11,17,3,1,0000000000000000000000000000000000
11,17,4,1,0000000000000000000000000000000000
11,17,6,1,0000000000000000000000000000000000
11,17,8,1,0000000000000000000000000000000000
11,17,12,1,0000000000000000000000000000000000
11,17,16,1,0000000000000000000000000000000000
11,17,24,1,0000000000000000000000000000000000
11,17,32,1,0000000000000000000000000000000000
11,17,48,1,0000000000000000000000000000000000
11,17,64,1,0000000000000000000000000000000000
