file,block_size_KiB,members,reassignment_unweighted_member_bpb,native_unweighted_member_bpb,encode_speedup,relative_unweighted_mean_bpb_penalty_percent
dickens,16,20,4.16192191533362,4.1087236731461205,18.212433341684264,1.2947632018963429
dickens,64,20,3.7180627579226426,3.712872932867878,13.910306830884085,0.13977922618417793
dickens,256,20,3.5437178463766443,3.5414718892709387,8.647223672611991,0.06341874723077012
mozilla,16,20,3.8057373046875,3.650244140625,21.34397465264114,4.2598017576949365
mozilla,64,20,4.026389567057292,3.912131754557292,13.205426956950747,2.920602363836533
mozilla,256,20,4.198947204589844,4.134838317871094,8.641222081837968,1.5504569173035554
mr,16,20,0.9991645514257039,0.9990913092382039,9.261759577533395,0.007330880253175742
mr,64,20,1.958728760410079,1.959699219394454,9.594462983926576,-0.049520812927350555
mr,256,20,2.9794059454686725,2.995151489902266,9.938781722144544,-0.52570110348934
nci,16,20,2.2806763607054132,2.258994481854217,14.515357091868852,0.9598022051563238
nci,64,20,2.0902988080374563,2.074179964417626,10.769620149535694,0.7771188564323017
nci,256,20,2.004503949394377,1.9971960343417967,6.068040637376071,0.3659087504141123
ooffice,16,20,5.204931640625,5.0256591796875,22.8776466803415,3.5671432249539947
ooffice,64,20,5.023775809151786,4.9119942801339285,14.540214466622706,2.275685243974057
ooffice,256,20,4.914821065266927,4.852044881184896,9.531174797783002,1.2938088088480404
osdb,16,20,6.27946837840587,6.1962435463204795,18.09161374789365,1.3431497884683896
osdb,64,20,5.921206230440789,5.841731360298503,13.700719573509598,1.3604677319195346
osdb,256,20,5.655456829393512,5.590519742806308,12.980600714160374,1.1615572357250636
reymont,16,20,3.3949740568047977,3.343194118493135,17.460368136479683,1.5488163856606008
reymont,64,20,2.937771908367298,2.90920363997751,14.976561885231902,0.9819961723273929
reymont,256,20,2.7557717731894917,2.742758036410011,10.136871535402982,0.4744762974613126
samba,16,20,3.994734700520833,3.9062255859375,20.199947551006645,2.265847494880169
samba,64,20,3.676703435724432,3.6556124600497157,10.804962410203224,0.5769478002717321
samba,256,20,3.774964283130787,3.7625230577256943,6.056772535872019,0.33066177174774225
sao,16,20,7.046326113755383,6.8918874192443225,22.268898561183526,2.24087662952559
sao,64,20,6.454094708114502,6.331243682923806,9.87827955732565,1.9403932519931333
sao,256,20,6.111760197000512,6.048901821367386,4.710793923817471,1.0391700425866013
webster,16,20,4.262086918684959,4.1350588282718315,17.102387951150035,3.0719778288188726
webster,64,20,3.700605972877077,3.665537201101134,13.526404301804918,0.9567157513885816
webster,256,20,3.483082779517702,3.476218353444884,9.450517498616584,0.19746820754269478
x-ray,16,20,5.698225350215517,5.652067618534483,8.95653861217442,0.816652149200614
x-ray,64,20,5.39477846182076,5.3847883673989845,8.62031543791265,0.18552436493619595
x-ray,256,20,5.2833130065279335,5.294127092803362,8.767162520676717,-0.20426570964132695
xml,16,20,3.1998779296875,3.1082275390625,18.315774167160985,2.948638395136416
xml,64,20,2.8348436143663194,2.814285617404514,14.31575706816897,0.7304872268353746
xml,256,20,2.7658961791992187,2.7596467895507812,9.452807695719644,0.2264561418548361
