variant,label,calgary18_mean_bpb,canterbury11_mean_bpb,silesia_mean_bpb
huff_single,Huffman single,4.962497893997173,4.520119712438373,5.497752577321852
huff_reassignment,Huffman R,4.028640583859113,3.7947548267883864,4.206851121141824
huff_native,Huffman N,3.9749544712361136,3.724152222909558,4.2051859944654755
huff_matched,Huffman M,3.959257052707114,3.694679639786918,4.206596707667719
rans_single,rANS single,4.916934461676259,4.464551194925136,5.482833281311637
rans_highbits,rANS high bits,4.269721398573688,3.911389235858272,4.097498990198241
rans_reassignment,rANS R,3.993723750631544,3.7468108109487326,4.14788702783226
rans_native,rANS N,3.9457464907152664,3.690303301504707,4.1436191271730864
rans_matched,rANS M,3.9292949020389525,3.6672323413693886,4.143000771441064
adaptive_order1,Adaptive order 1,3.721720931644529,3.3281651839317026,3.8383242447840002
