path,bytes,sha256
source/brotli_support.h,9137,0f8ac119b91b7ab3b00f27bf3fe93de5bbf120befa8998b1c30ec6d73a091e41
source/cluster_policy.c,3186,4c16dd128f058c4d5754dc5a03fd42d557b3c97ae5f391294e59b07b6dc02ca2
source/dcc003.h,2022,8a25f490e2f7001a781b4fbc9d464acac78f3414b91a9ca829f432ccce685543
source/dcc003_codec.c,4404,a4287f2dfe917f985586db77e9f1fdbe0570d18c780c0fcef7bad00a757e0d3a
source/dcc004.h,1084,5d58760e4ba874e794197d5631f43922e91f5f357ff2467f43ddf8bfa75389bc
source/dcc004_engine_impl.h,7163,372813f70c4abac19617a6edd27e26201bfaefb9d9e8af5cb7c68231df342a78
source/dcc004_memory.c,2098,0db7ac1b957419ec7ea72cee6c090657265b05a3fec3ec1883fe2b44108c74d5
source/dcc004_memory.h,329,f6e4f6d42a462e59ab6fdcbce2d2dfdf67749c3bfdee892bf7c12793dabfbec7
source/dcc004_memory_redirect.h,505,17d27886e6403f72bee327e65b77096b53c00cfc910a34f53e235055ab2ac26e
source/mtcodec_dcc002.c,88724,d255620ecedecad23e8beb98bb7fe68d5aaa97a08fc21b33da046d4c1b949aa8
source/mtcodec_original.c,86864,3b8a801d0650853e89458c64e08557281845c7ec8a9eb9829cc9e4a44870a14c
tests/dcc003_check.c,12745,0fee2b7d7a188f9066466e78bd2a878be975d02a77b5df5acbdd652eaa5ddade
tests/dcc004_run.c,19501,33f6b5f0dfa16d4adb1bc9b1164270def0ef62c5694071bebe6aaf0f978b2be5
tests/dcc005_run.c,11993,248f8c6733b1397fba2e0bcb6d1e1d4323a1c89a9f4752172ce07280913b9258
tests/dcc_bridge.h,1054,70d7c53ebce52322096a3c566be3d43ed9644906a430319709ffcded957c011e
tests/dcc_bridge_impl.h,3991,0c143829b379569494185197bba83fc81a5d11cd78902f04baf645203fd3d000
tests/dcc_original_bridge.c,157,974264c5c37f9b9ca5b7db1fb91d1e3fcd6d08b4c36d0339425ba5dd73c57f43
tests/oracle_pools.h,1668,2b600e87583d9e34304ae54872269b4d5f8f72bad8e9ed9c70f89b7f52f8c9f3
tests/runner-checks.ps1.inc,14140,64494cb80fddd37e2b0d1436ef0ae3529cc37f63827ab405a6ced82fa72e6024
vendor/brotli-v1.1.0/LICENSE,1082,ee828c7c12f822dba3b16596d609920fe7c449d179e645bcf1e75cf0927f14bf
vendor/brotli-v1.1.0/bit_cost_inc.h,4105,ae2e670d664dc13a75a3a7dad28e6cf372918de57d6e3f3f269480d0522adb1d
vendor/brotli-v1.1.0/cluster_inc.h,11809,d6af6744dcdb7110e214289edb5c7418a29b4393a5b92cd0f94cc73e9cf6e2d5
vendor/brotli-v1.1.0/histogram_inc.h,1399,9399d7252566bce150ebe38e3c4fcc79e2d1b7e79e3fa09748c9ae60972751a8
fixtures/00-empty.bin,0,e3b0c44298fc1c149afbf4c8996fb92427ae41e4649b934ca495991b7852b855
fixtures/01-zero.bin,1,6e340b9cffb37a989ca544e6bb780a2c78901d3fb33738768511a30617afa01d
fixtures/02-ff.bin,1,a8100ae6aa1940d0b663bb31cd466142ebbdbd5187131b92d93818987832eb89
fixtures/03-repeated.bin,8192,f8ca02c69621dd84cd1212ebfd7d6cdc9ba6ad658854f29567723531912d1a35
fixtures/04-alphabet.bin,256,40aff2e9d2d8922e47afd4648e6967497158785fbd1da870e7110266bf944880
fixtures/05-cycle.bin,8192,dc404a613fedaeb54034514bc6505f56b933caa5250299ba7d094377a51caa46
fixtures/06-random.bin,8192,fec7b76db5e42fbce97a96154a1679607d4fc31f6dc0fe40c0df6232d032bf49
fixtures/07-sparse.bin,8192,2b7b7ab0574ef9cc89355e630045a0a1abe461460ce535b6b8ceda7efa9d0ffe
fixtures/08-changing.bin,16384,3386930a84a13af7112ae6bc9411abdc047270c416dde1916d86bb899f832c7b
fixtures/09-ties.bin,4096,1e463d79b914f7f0e73fc43364ec143ab6a337733b90a707c58ca99dfa275b96
protocol/DCC003-METHODS.txt,10018,e9179c6770abba28275f21986fee5042704a413ef0e838e9cbdaeeae4d973587
protocol/audited-corpus-manifest.csv,7650,084d21a7e5136f8f70cebbe1752cd68476fb7d0bbd2afb6feb09b66566e15a1d
protocol/block-manifest.csv,168397,859963b6858b9ade8a3e195373d92e661791af690a4ca99838767b50a060d7fa
protocol/brotli-provenance.json,3737,59ca3be9dc84224bb1b3dddda6a1ca96b9146de599aa2c8a2638faeb34a3c2a4
protocol/dcc004-selected.csv,587555,61d42c946e910d9853139a45dc41b6e9bbf4468abce193933f13007bf91f9e4e
protocol/dcc005-source-provenance.json,6299,be53c0e3c98126d6c747a92cdfb05ffabadade4eddc92282bf3aba55382c8734
protocol/experiment.json,5101,4ef7b9220e0c6f3b92307bfe013330586ad20ff8dad10fe7d906839107603988
protocol/fixture-manifest.json,1370,b0ef58ecc579277f08cc35a613124afa0f90bce05cdf2aa51288809d3f1b47ca
protocol/members.csv,190110,096d55299aad35819bca9790a7646dc8012c058209369965429ac4b6fab845e2
protocol/native-oracle-vectors.csv,27403,0fd6495fe9da915925fa169481dc05d4a5f9a361a4a3c8de6d81e4ee175723de
protocol/workloads.json,17168,5119551fb96193f4dd2cbde4332af0f74ff6ea3d13e31a73a2516f717ce44b38
